{
  "model": "bge-small-en-v1.5",
  "backend": "onnx-custom",
  "timestamp": "2025-09-27T13:18:20Z",
  "env": {
    "python": "3.12.3",
    "platform": "Linux-6.6.87.2-microsoft-standard-WSL2-aarch64-with-glibc2.39",
    "machine": "aarch64"
  },
  "model_load_time_ms": 675.9133560044575,
  "scenarios": [
    {
      "batch_size": 1,
      "runs": 4,
      "mean_ms": 287.7716889997828,
      "stdev_ms": 35.16405864682406,
      "p50_ms": 278.1955819991708,
      "p95_ms": 335.2070917488163,
      "per_text_mean_ms": 287.7716889997828,
      "throughput_texts_per_sec": 3.4749769981742533,
      "dimension": 384,
      "digest": "c742d5a0c1b81fe6134a91068b5e6051",
      "zero_or_nan_count": 0,
      "tokenize_time_ms": 0.4367828369140625,
      "avg_tokens_per_text": 12.0,
      "total_tokens": 12,
      "tokens_per_sec": 41.69972397809104,
      "tokenizer": "models/bge-small-en-v1.5"
    },
    {
      "batch_size": 2,
      "runs": 4,
      "mean_ms": 487.7858865002054,
      "stdev_ms": 26.63718052472413,
      "p50_ms": 487.10457349807257,
      "p95_ms": 520.7297212025878,
      "per_text_mean_ms": 243.8929432501027,
      "throughput_texts_per_sec": 4.100159630180603,
      "dimension": 384,
      "digest": "13b9cc36491db424bc06075bbf4de2d1",
      "zero_or_nan_count": 0,
      "tokenize_time_ms": 0.4737377166748047,
      "avg_tokens_per_text": 12.0,
      "total_tokens": 24,
      "tokens_per_sec": 49.201915562167244,
      "tokenizer": "models/bge-small-en-v1.5"
    },
    {
      "batch_size": 4,
      "runs": 4,
      "mean_ms": 829.33495324869,
      "stdev_ms": 132.07709893937408,
      "p50_ms": 779.947330498544,
      "p95_ms": 1013.3323626490892,
      "per_text_mean_ms": 207.3337383121725,
      "throughput_texts_per_sec": 4.8231417044839455,
      "dimension": 384,
      "digest": "7cf265734fe111ca32515427bd4c3d6d",
      "zero_or_nan_count": 0,
      "tokenize_time_ms": 1.1188983917236328,
      "avg_tokens_per_text": 12.0,
      "total_tokens": 48,
      "tokens_per_sec": 57.87770045380735,
      "tokenizer": "models/bge-small-en-v1.5"
    },
    {
      "batch_size": 8,
      "runs": 4,
      "mean_ms": 1434.551517750151,
      "stdev_ms": 146.9128198493839,
      "p50_ms": 1416.1188204998325,
      "p95_ms": 1624.058053898261,
      "per_text_mean_ms": 179.3189397187689,
      "throughput_texts_per_sec": 5.576655770820021,
      "dimension": 384,
      "digest": "d31c4a7ca788b5b7638dcf2dc5116fca",
      "zero_or_nan_count": 0,
      "tokenize_time_ms": 1.2941360473632812,
      "avg_tokens_per_text": 9.75,
      "total_tokens": 78,
      "tokens_per_sec": 54.372393765495204,
      "tokenizer": "models/bge-small-en-v1.5"
    }
  ]
}